task_name,task_type,priority,duration_minutes,day_of_week,best_time_slot
Code Review,review,medium,115,Monday,Morning
Unit Testing,meeting,high,30,Friday,Evening
Documentation,meeting,medium,85,Saturday,Morning
Product Demo,meeting,low,100,Saturday,Morning
Daily Standup,coding,low,120,Sunday,Morning
Team Meeting,planning,medium,90,Thursday,Afternoon
Sprint Planning,writing,high,130,Thursday,Evening
Code Review,review,low,125,Saturday,Evening
Client Call,planning,low,70,Sunday,Morning
Sprint Planning,review,low,140,Saturday,Afternoon
Sprint Planning,planning,medium,160,Wednesday,Morning
Database Backup,meeting,medium,135,Wednesday,Evening
Product Demo,meeting,low,155,Wednesday,Evening
Unit Testing,planning,medium,130,Thursday,Morning
UI Testing,meeting,low,55,Friday,Afternoon
Sprint Planning,review,medium,25,Monday,Afternoon
Design Mockup,coding,medium,170,Wednesday,Morning
Design Mockup,review,low,20,Thursday,Evening
Product Demo,meeting,low,30,Tuesday,Morning
Team Meeting,review,high,110,Sunday,Morning
Client Call,meeting,low,75,Tuesday,Afternoon
Feature Implementation,meeting,medium,115,Monday,Afternoon
Documentation,planning,medium,95,Monday,Evening
Documentation,testing,low,150,Tuesday,Evening
Daily Standup,review,medium,30,Saturday,Afternoon
Unit Testing,testing,low,45,Thursday,Afternoon
Database Backup,coding,low,130,Wednesday,Morning
UI Testing,writing,high,45,Wednesday,Evening
Code Review,writing,low,90,Sunday,Morning
Code Review,writing,medium,130,Sunday,Morning
Code Review,meeting,medium,80,Tuesday,Afternoon
Sprint Planning,review,high,55,Thursday,Evening
Daily Standup,testing,medium,60,Tuesday,Evening
UI Testing,coding,medium,135,Monday,Afternoon
Design Mockup,review,low,65,Monday,Evening
Design Mockup,review,high,170,Sunday,Morning
Documentation,coding,high,25,Wednesday,Evening
Bug Fixing,review,high,105,Monday,Afternoon
Daily Standup,coding,medium,30,Saturday,Evening
Team Meeting,testing,medium,85,Thursday,Afternoon
Database Backup,meeting,low,165,Thursday,Morning
Documentation,review,high,55,Tuesday,Afternoon
Write Report,testing,medium,50,Friday,Afternoon
Client Call,testing,low,150,Friday,Morning
Bug Fixing,planning,low,20,Monday,Morning
Client Call,review,medium,170,Saturday,Morning
Database Backup,meeting,high,140,Thursday,Afternoon
Database Backup,writing,high,120,Sunday,Evening
Team Meeting,planning,low,110,Tuesday,Evening
Write Report,testing,low,125,Thursday,Evening
Bug Fixing,coding,high,130,Tuesday,Evening
Sprint Planning,coding,medium,20,Sunday,Evening
Sprint Planning,coding,low,40,Sunday,Afternoon
Client Call,meeting,medium,50,Saturday,Afternoon
Unit Testing,writing,medium,170,Tuesday,Evening
Documentation,planning,medium,45,Saturday,Afternoon
Team Meeting,writing,high,80,Tuesday,Afternoon
Product Demo,review,high,50,Tuesday,Morning
Design Mockup,writing,medium,25,Saturday,Evening
Design Mockup,testing,high,120,Sunday,Afternoon
UI Testing,testing,medium,50,Tuesday,Afternoon
Database Backup,meeting,medium,165,Friday,Morning
Team Meeting,review,high,100,Saturday,Evening
Client Call,writing,high,20,Friday,Afternoon
Unit Testing,planning,medium,25,Tuesday,Evening
Design Mockup,writing,low,155,Sunday,Afternoon
Code Review,writing,high,110,Sunday,Evening
Design Mockup,planning,low,160,Monday,Evening
Daily Standup,writing,low,175,Sunday,Morning
UI Testing,review,low,35,Sunday,Evening
Daily Standup,review,low,115,Wednesday,Afternoon
Unit Testing,writing,low,90,Wednesday,Morning
Database Backup,meeting,low,155,Saturday,Evening
Sprint Planning,writing,medium,20,Tuesday,Morning
Client Call,coding,high,25,Monday,Morning
Database Backup,review,low,115,Friday,Evening
Unit Testing,meeting,medium,40,Sunday,Morning
Design Mockup,coding,low,165,Friday,Afternoon
Daily Standup,coding,low,150,Wednesday,Afternoon
Database Backup,coding,low,155,Tuesday,Morning
Write Report,planning,high,160,Friday,Evening
Write Report,writing,high,80,Thursday,Afternoon
Team Meeting,review,high,105,Friday,Evening
UI Testing,coding,medium,155,Tuesday,Evening
Write Report,writing,low,155,Friday,Morning
Documentation,review,low,90,Thursday,Morning
Design Mockup,writing,medium,180,Thursday,Morning
Unit Testing,review,medium,40,Monday,Afternoon
Sprint Planning,writing,low,125,Thursday,Evening
Sprint Planning,review,medium,90,Monday,Evening
Product Demo,writing,low,120,Wednesday,Afternoon
Product Demo,review,high,95,Thursday,Morning
Code Review,writing,low,95,Thursday,Evening
UI Testing,review,medium,80,Thursday,Evening
Database Backup,testing,low,95,Saturday,Afternoon
Client Call,writing,low,130,Tuesday,Evening
Client Call,meeting,low,160,Sunday,Morning
Sprint Planning,planning,medium,45,Thursday,Evening
UI Testing,testing,high,145,Friday,Afternoon
Team Meeting,review,high,160,Thursday,Morning
Feature Implementation,coding,high,110,Monday,Morning
Bug Fixing,testing,medium,75,Wednesday,Morning
Database Optimization,review,medium,85,Friday,Morning
API Development,coding,high,180,Tuesday,Afternoon
UI Enhancement,planning,medium,65,Monday,Afternoon
Performance Testing,testing,high,120,Wednesday,Evening
Code Refactoring,review,medium,95,Thursday,Morning
Security Audit,meeting,high,150,Friday,Morning
Infrastructure Setup,coding,medium,170,Monday,Morning
Data Migration,planning,high,140,Tuesday,Morning
Release Planning,meeting,high,180,Wednesday,Afternoon
User Training,meeting,low,90,Thursday,Afternoon
System Maintenance,coding,medium,120,Saturday,Morning
Backend Development,coding,high,160,Monday,Afternoon
Frontend Development,coding,high,155,Tuesday,Afternoon
QA Testing,testing,high,135,Wednesday,Morning
Deployment,planning,high,120,Thursday,Evening
Monitoring Setup,coding,medium,100,Friday,Afternoon
Log Analysis,review,medium,80,Saturday,Afternoon
Incident Response,meeting,high,60,Sunday,Evening
Feature Planning,planning,medium,110,Monday,Morning
Technical Debt,review,low,90,Tuesday,Morning
Peer Programming,coding,medium,120,Wednesday,Afternoon
Requirement Analysis,planning,high,150,Thursday,Morning
Architecture Review,review,high,180,Friday,Morning
Load Testing,testing,high,140,Saturday,Evening
Documentation Review,review,medium,70,Sunday,Morning
API Documentation,writing,medium,100,Monday,Evening
User Feedback,meeting,low,60,Tuesday,Evening
Bug Triage,meeting,medium,90,Wednesday,Morning
Code Deployment,coding,high,120,Thursday,Afternoon
Database Schema,planning,high,150,Friday,Morning
UI Components,coding,medium,130,Saturday,Morning
Integration Testing,testing,high,160,Sunday,Afternoon
Performance Optimization,coding,high,170,Monday,Morning
Security Patch,review,high,140,Tuesday,Morning
Feature Demo,meeting,medium,90,Wednesday,Afternoon
Backup Verification,testing,medium,80,Thursday,Morning
System Upgrade,planning,high,180,Friday,Evening
Data Analysis,review,medium,110,Saturday,Morning
API Testing,testing,high,120,Sunday,Morning
User Story Review,planning,medium,100,Monday,Afternoon
Code Quality,review,high,130,Tuesday,Evening
Infrastructure Review,meeting,high,150,Wednesday,Morning
Release Notes,writing,medium,70,Thursday,Afternoon
Feature Testing,testing,high,140,Friday,Morning
Database Indexing,coding,medium,120,Saturday,Evening
UI Review,review,medium,90,Sunday,Morning
Performance Review,meeting,high,160,Monday,Morning
Security Testing,testing,high,150,Tuesday,Afternoon
Feature Deployment,coding,high,180,Wednesday,Evening
Data Validation,testing,medium,110,Thursday,Morning
API Integration,coding,high,170,Friday,Afternoon
User Acceptance,meeting,medium,100,Saturday,Morning
Code Freeze,planning,high,120,Sunday,Evening
System Testing,testing,high,140,Monday,Afternoon
Database Cleanup,coding,medium,100,Tuesday,Morning
UI Optimization,coding,medium,130,Wednesday,Afternoon
Release Testing,testing,high,150,Thursday,Evening
Feature Review,meeting,medium,90,Friday,Morning
Backup Testing,testing,medium,80,Saturday,Afternoon
System Documentation,writing,medium,110,Sunday,Morning
API Review,review,high,130,Monday,Evening
User Documentation,writing,medium,100,Tuesday,Morning
Bug Verification,testing,medium,70,Wednesday,Afternoon
Code Signoff,review,high,120,Thursday,Morning
Infrastructure Testing,testing,high,150,Friday,Evening
Data Processing,coding,medium,130,Saturday,Morning
UI Validation,testing,medium,90,Sunday,Afternoon
Performance Metrics,review,high,140,Monday,Morning
Security Review,meeting,high,160,Tuesday,Afternoon
Feature Validation,testing,high,120,Wednesday,Morning
Database Migration,coding,high,180,Thursday,Evening
API Validation,testing,high,150,Friday,Morning
User Testing,meeting,medium,100,Saturday,Afternoon
Code Analysis,review,high,130,Sunday,Evening
System Validation,testing,high,140,Monday,Afternoon
Database Validation,testing,medium,110,Tuesday,Morning
UI Development,coding,high,160,Wednesday,Afternoon
Release Validation,testing,high,150,Thursday,Morning
Feature Integration,coding,high,170,Friday,Evening
Data Review,review,medium,100,Saturday,Morning
API Deployment,coding,high,180,Sunday,Morning
User Review,meeting,medium,90,Monday,Afternoon
Bug Resolution,coding,high,120,Tuesday,Evening
System Deployment,planning,high,150,Wednesday,Morning
Database Deployment,coding,high,160,Thursday,Afternoon
UI Deployment,coding,high,170,Friday,Morning
Release Deployment,planning,high,180,Saturday,Evening
Feature Deployment,coding,high,160,Sunday,Afternoon
Data Deployment,coding,high,150,Monday,Morning
API Maintenance,coding,medium,120,Tuesday,Afternoon
User Maintenance,meeting,medium,90,Wednesday,Morning
System Maintenance,coding,medium,130,Thursday,Evening
Database Maintenance,coding,medium,140,Friday,Afternoon
UI Maintenance,coding,medium,110,Saturday,Morning
Release Maintenance,planning,medium,120,Sunday,Evening
Feature Maintenance,coding,medium,130,Monday,Afternoon
Data Maintenance,coding,medium,100,Tuesday,Morning
API Optimization,coding,high,150,Wednesday,Afternoon
User Optimization,meeting,medium,90,Thursday,Morning
System Optimization,coding,high,160,Friday,Evening
Database Optimization,coding,high,170,Saturday,Morning
UI Optimization,coding,high,140,Sunday,Afternoon
Release Optimization,planning,high,150,Monday,Morning
Feature Optimization,coding,high,160,Tuesday,Afternoon
Data Optimization,coding,high,170,Wednesday,Evening
API Documentation,writing,medium,120,Thursday,Morning
User Documentation,writing,medium,100,Friday,Afternoon
System Documentation,writing,medium,130,Saturday,Morning
Database Documentation,writing,medium,110,Sunday,Evening
UI Documentation,writing,medium,90,Monday,Morning
Release Documentation,writing,medium,120,Tuesday,Afternoon
Feature Documentation,writing,medium,130,Wednesday,Morning
Data Documentation,writing,medium,100,Thursday,Afternoon
API Testing,testing,high,150,Friday,Morning
User Testing,testing,medium,120,Saturday,Afternoon
System Testing,testing,high,160,Sunday,Morning
Database Testing,testing,high,170,Monday,Afternoon
UI Testing,testing,high,140,Tuesday,Morning
Release Testing,testing,high,150,Wednesday,Evening
Feature Testing,testing,high,160,Thursday,Morning
Data Testing,testing,high,170,Friday,Afternoon
API Review,review,high,180,Saturday,Morning
User Review,review,medium,130,Sunday,Afternoon
System Review,review,high,160,Monday,Morning
Database Review,review,high,170,Tuesday,Afternoon
UI Review,review,high,150,Wednesday,Morning
Release Review,review,high,160,Thursday,Evening
Feature Review,review,high,170,Friday,Morning
Data Review,review,high,180,Saturday,Afternoon
API Planning,planning,high,150,Sunday,Morning
User Planning,planning,medium,120,Monday,Afternoon
System Planning,planning,high,160,Tuesday,Morning
Database Planning,planning,high,170,Wednesday,Afternoon
UI Planning,planning,high,150,Thursday,Morning
Release Planning,planning,high,160,Friday,Evening
Feature Planning,planning,high,170,Saturday,Morning
Data Planning,planning,high,180,Sunday,Afternoon
API Development,coding,high,160,Monday,Morning
User Development,coding,medium,130,Tuesday,Afternoon
System Development,coding,high,170,Wednesday,Morning
Database Development,coding,high,180,Thursday,Afternoon
UI Development,coding,high,160,Friday,Morning
Release Development,coding,high,170,Saturday,Evening
Feature Development,coding,high,180,Sunday,Morning
Data Development,coding,high,160,Monday,Afternoon
API Implementation,coding,high,170,Tuesday,Morning
User Implementation,coding,medium,140,Wednesday,Afternoon
System Implementation,coding,high,180,Thursday,Morning
Database Implementation,coding,high,160,Friday,Evening
UI Implementation,coding,high,170,Saturday,Morning
Release Implementation,coding,high,180,Sunday,Afternoon
Feature Implementation,coding,high,160,Monday,Morning
Data Implementation,coding,high,170,Tuesday,Afternoon
API Integration,coding,high,180,Wednesday,Morning
User Integration,coding,medium,150,Thursday,Afternoon
System Integration,coding,high,160,Friday,Morning
Database Integration,coding,high,170,Saturday,Evening
UI Integration,coding,high,180,Sunday,Morning
Release Integration,coding,high,160,Monday,Afternoon
Feature Integration,coding,high,170,Tuesday,Morning
Data Integration,coding,high,180,Wednesday,Afternoon
API Deployment,coding,high,160,Thursday,Morning
User Deployment,coding,medium,130,Friday,Afternoon
System Deployment,coding,high,170,Saturday,Morning
Database Deployment,coding,high,180,Sunday,Evening
UI Deployment,coding,high,160,Monday,Morning
Release Deployment,coding,high,170,Tuesday,Afternoon
Feature Deployment,coding,high,180,Wednesday,Morning
Data Deployment,coding,high,160,Thursday,Afternoon
API Maintenance,coding,medium,140,Friday,Morning
User Maintenance,coding,medium,110,Saturday,Afternoon
System Maintenance,coding,medium,160,Sunday,Morning
Database Maintenance,coding,medium,170,Monday,Afternoon
UI Maintenance,coding,medium,150,Tuesday,Morning
Release Maintenance,coding,medium,160,Wednesday,Evening
Feature Maintenance,coding,medium,170,Thursday,Morning
Data Maintenance,coding,medium,180,Friday,Afternoon
API Optimization,coding,high,160,Saturday,Morning
User Optimization,coding,medium,130,Sunday,Afternoon
System Optimization,coding,high,170,Monday,Morning
Database Optimization,coding,high,180,Tuesday,Afternoon
UI Optimization,coding,high,160,Wednesday,Morning
Release Optimization,coding,high,170,Thursday,Evening
Feature Optimization,coding,high,180,Friday,Morning
Data Optimization,coding,high,160,Saturday,Afternoon
API Documentation,writing,medium,140,Sunday,Morning
User Documentation,writing,medium,110,Monday,Afternoon
System Documentation,writing,medium,170,Tuesday,Morning
Database Documentation,writing,medium,180,Wednesday,Afternoon
UI Documentation,writing,medium,160,Thursday,Morning
Release Documentation,writing,medium,170,Friday,Evening
Feature Documentation,writing,medium,180,Saturday,Morning
Data Documentation,writing,medium,160,Sunday,Afternoon
API Testing,testing,high,170,Monday,Morning
User Testing,testing,medium,140,Tuesday,Afternoon
System Testing,testing,high,180,Wednesday,Morning
Database Testing,testing,high,160,Thursday,Afternoon
UI Testing,testing,high,170,Friday,Morning
Release Testing,testing,high,180,Saturday,Evening
Feature Testing,testing,high,160,Sunday,Morning
Data Testing,testing,high,170,Monday,Afternoon
API Review,review,high,180,Tuesday,Morning
User Review,review,medium,150,Wednesday,Afternoon
System Review,review,high,160,Thursday,Morning
Database Review,review,high,170,Friday,Evening
UI Review,review,high,180,Saturday,Morning
Release Review,review,high,160,Sunday,Afternoon
Feature Review,review,high,170,Monday,Morning
Data Review,review,high,180,Tuesday,Afternoon
API Planning,planning,high,170,Wednesday,Morning
User Planning,planning,medium,140,Thursday,Afternoon
System Planning,planning,high,180,Friday,Morning
Database Planning,planning,high,160,Saturday,Evening
UI Planning,planning,high,170,Sunday,Morning
Release Planning,planning,high,180,Monday,Afternoon
Feature Planning,planning,high,160,Tuesday,Morning
Data Planning,planning,high,170,Wednesday,Afternoon
API Development,coding,high,180,Thursday,Morning
User Development,coding,medium,150,Friday,Afternoon
System Development,coding,high,160,Saturday,Morning
Database Development,coding,high,170,Sunday,Evening
UI Development,coding,high,180,Monday,Morning
Release Development,coding,high,160,Tuesday,Afternoon
Feature Development,coding,high,170,Wednesday,Morning
Data Development,coding,high,180,Thursday,Afternoon
API Implementation,coding,high,160,Friday,Morning
User Implementation,coding,medium,130,Saturday,Afternoon
System Implementation,coding,high,170,Sunday,Morning
Database Implementation,coding,high,180,Monday,Afternoon
UI Implementation,coding,high,160,Tuesday,Morning
Release Implementation,coding,high,170,Wednesday,Evening
Feature Implementation,coding,high,180,Thursday,Morning
Data Implementation,coding,high,160,Friday,Afternoon
API Integration,coding,high,170,Saturday,Morning
User Integration,coding,medium,140,Sunday,Afternoon
System Integration,coding,high,180,Monday,Morning
Database Integration,coding,high,160,Tuesday,Afternoon
UI Integration,coding,high,170,Wednesday,Morning
Release Integration,coding,high,180,Thursday,Evening
Feature Integration,coding,high,160,Friday,Morning
Data Integration,coding,high,170,Saturday,Afternoon
API Deployment,coding,high,180,Sunday,Morning
User Deployment,coding,medium,150,Monday,Afternoon
System Deployment,coding,high,160,Tuesday,Morning
Database Deployment,coding,high,170,Wednesday,Evening
UI Deployment,coding,high,180,Thursday,Morning
Release Deployment,coding,high,160,Friday,Afternoon
Feature Deployment,coding,high,170,Saturday,Morning
Data Deployment,coding,high,180,Sunday,Afternoon
API Maintenance,coding,medium,170,Monday,Morning
User Maintenance,coding,medium,140,Tuesday,Afternoon
System Maintenance,coding,medium,180,Wednesday,Morning
Database Maintenance,coding,medium,160,Thursday,Afternoon
UI Maintenance,coding,medium,170,Friday,Morning
Release Maintenance,coding,medium,180,Saturday,Evening
Feature Maintenance,coding,medium,160,Sunday,Morning
Data Maintenance,coding,medium,170,Monday,Afternoon
API Optimization,coding,high,180,Tuesday,Morning
User Optimization,coding,medium,150,Wednesday,Afternoon
System Optimization,coding,high,160,Thursday,Morning
Database Optimization,coding,high,170,Friday,Evening
UI Optimization,coding,high,180,Saturday,Morning
Release Optimization,coding,high,160,Sunday,Afternoon
Feature Optimization,coding,high,170,Monday,Morning
Data Optimization,coding,high,180,Tuesday,Afternoon
API Documentation,writing,medium,170,Wednesday,Morning
User Documentation,writing,medium,140,Thursday,Afternoon
System Documentation,writing,medium,180,Friday,Morning
Database Documentation,writing,medium,160,Saturday,Evening
UI Documentation,writing,medium,170,Sunday,Morning
Release Documentation,writing,medium,180,Monday,Afternoon
Feature Documentation,writing,medium,160,Tuesday,Morning
Data Documentation,writing,medium,170,Wednesday,Afternoon
API Testing,testing,high,180,Thursday,Morning
User Testing,testing,medium,150,Friday,Afternoon
System Testing,testing,high,160,Saturday,Morning
Database Testing,testing,high,170,Sunday,Evening
UI Testing,testing,high,180,Monday,Morning
Release Testing,testing,high,160,Tuesday,Afternoon
Feature Testing,testing,high,170,Wednesday,Morning
Data Testing,testing,high,180,Thursday,Afternoon
API Review,review,high,160,Friday,Morning
User Review,review,medium,130,Saturday,Afternoon
System Review,review,high,170,Sunday,Morning
Database Review,review,high,180,Monday,Afternoon
UI Review,review,high,160,Tuesday,Morning
Release Review,review,high,170,Wednesday,Evening
Feature Review,review,high,180,Thursday,Morning
Data Review,review,high,160,Friday,Afternoon
API Planning,planning,high,170,Saturday,Morning
User Planning,planning,medium,140,Sunday,Afternoon
System Planning,planning,high,180,Monday,Morning
Database Planning,planning,high,160,Tuesday,Afternoon
UI Planning,planning,high,170,Wednesday,Morning
Release Planning,planning,high,180,Thursday,Evening
Feature Planning,planning,high,160,Friday,Morning
Data Planning,planning,high,170,Saturday,Afternoon
API Development,coding,high,180,Sunday,Morning
User Development,coding,medium,150,Monday,Afternoon
System Development,coding,high,160,Tuesday,Morning
Database Development,coding,high,170,Wednesday,Evening
UI Development,coding,high,180,Thursday,Morning
Release Development,coding,high,160,Friday,Afternoon
Feature Development,coding,high,170,Saturday,Morning
Data Development,coding,high,180,Sunday,Afternoon
API Implementation,coding,high,160,Monday,Morning
User Implementation,coding,medium,130,Tuesday,Afternoon
System Implementation,coding,high,170,Wednesday,Morning
Database Implementation,coding,high,180,Thursday,Afternoon
UI Implementation,coding,high,160,Friday,Morning
Release Implementation,coding,high,170,Saturday,Evening
Feature Implementation,coding,high,180,Sunday,Morning
Data Implementation,coding,high,160,Monday,Afternoon
API Integration,coding,high,170,Tuesday,Morning
User Integration,coding,medium,140,Wednesday,Afternoon
System Integration,coding,high,180,Thursday,Morning
Database Integration,coding,high,160,Friday,Evening
UI Integration,coding,high,170,Saturday,Morning
Release Integration,coding,high,180,Sunday,Afternoon
Feature Integration,coding,high,160,Monday,Morning
Data Integration,coding,high,170,Tuesday,Afternoon
API Deployment,coding,high,180,Wednesday,Morning
User Deployment,coding,medium,150,Thursday,Afternoon
System Deployment,coding,high,160,Friday,Morning
Database Deployment,coding,high,170,Saturday,Evening
UI Deployment,coding,high,180,Sunday,Morning
Release Deployment,coding,high,160,Monday,Afternoon
Feature Deployment,coding,high,170,Tuesday,Morning
Data Deployment,coding,high,180,Wednesday,Afternoon
API Maintenance,coding,medium,170,Thursday,Morning
User Maintenance,coding,medium,140,Friday,Afternoon
System Maintenance,coding,medium,180,Saturday,Morning
Database Maintenance,coding,medium,160,Sunday,Evening
UI Maintenance,coding,medium,170,Monday,Morning
Release Maintenance,coding,medium,180,Tuesday,Afternoon
Feature Maintenance,coding,medium,160,Wednesday,Morning
Data Maintenance,coding,medium,170,Thursday,Afternoon
API Optimization,coding,high,180,Friday,Morning
User Optimization,coding,medium,150,Saturday,Afternoon
System Optimization,coding,high,160,Sunday,Morning
Database Optimization,coding,high,170,Monday,Evening
UI Optimization,coding,high,180,Tuesday,Morning
Release Optimization,coding,high,160,Wednesday,Afternoon
Feature Optimization,coding,high,170,Thursday,Morning
Data Optimization,coding,high,180,Friday,Afternoon
API Documentation,writing,medium,170,Saturday,Morning
User Documentation,writing,medium,140,Sunday,Afternoon
System Documentation,writing,medium,180,Monday,Morning
Database Documentation,writing,medium,160,Tuesday,Afternoon
UI Documentation,writing,medium,170,Wednesday,Morning
Release Documentation,writing,medium,180,Thursday,Evening
Feature Documentation,writing,medium,160,Friday,Morning
Data Documentation,writing,medium,170,Saturday,Afternoon
API Testing,testing,high,180,Sunday,Morning
User Testing,testing,medium,150,Monday,Afternoon
System Testing,testing,high,160,Tuesday,Morning
Database Testing,testing,high,170,Wednesday,Evening
UI Testing,testing,high,180,Thursday,Morning
Release Testing,testing,high,160,Friday,Afternoon
Feature Testing,testing,high,170,Saturday,Morning
Data Testing,testing,high,180,Sunday,Afternoon
API Review,review,high,160,Monday,Morning
User Review,review,medium,130,Tuesday,Afternoon
System Review,review,high,170,Wednesday,Morning
Database Review,review,high,180,Thursday,Afternoon
UI Review,review,high,160,Friday,Morning
Release Review,review,high,170,Saturday,Evening
Feature Review,review,high,180,Sunday,Morning
Data Review,review,high,160,Monday,Afternoon
API Planning,planning,high,170,Tuesday,Morning
User Planning,planning,medium,140,Wednesday,Afternoon
System Planning,planning,high,180,Thursday,Morning
Database Planning,planning,high,160,Friday,Evening
UI Planning,planning,high,170,Saturday,Morning
Release Planning,planning,high,180,Sunday,Afternoon
Feature Planning,planning,high,160,Monday,Morning
Data Planning,planning,high,170,Tuesday,Afternoon
API Development,coding,high,180,Wednesday,Morning
User Development,coding,medium,150,Thursday,Afternoon
System Development,coding,high,160,Friday,Morning
Database Development,coding,high,170,Saturday,Evening
UI Development,coding,high,180,Sunday,Morning
Release Development,coding,high,160,Monday,Afternoon
Feature Development,coding,high,170,Tuesday,Morning
Data Development,coding,high,180,Wednesday,Afternoon
API Implementation,coding,high,160,Thursday,Morning
User Implementation,coding,medium,130,Friday,Afternoon
System Implementation,coding,high,170,Saturday,Morning
Database Implementation,coding,high,180,Sunday,Evening
UI Implementation,coding,high,160,Monday,Morning
Release Implementation,coding,high,170,Tuesday,Afternoon
Feature Implementation,coding,high,180,Wednesday,Morning
Data Implementation,coding,high,160,Thursday,Afternoon
API Integration,coding,high,170,Friday,Morning
User Integration,coding,medium,140,Saturday,Afternoon
System Integration,coding,high,180,Sunday,Morning
Database Integration,coding,high,160,Monday,Evening
UI Integration,coding,high,170,Tuesday,Morning
Release Integration,coding,high,180,Wednesday,Afternoon
Feature Integration,coding,high,160,Thursday,Morning
Data Integration,coding,high,170,Friday,Afternoon
API Deployment,coding,high,180,Saturday,Morning
User Deployment,coding,medium,150,Sunday,Afternoon
System Deployment,coding,high,160,Monday,Morning
Database Deployment,coding,high,170,Tuesday,Evening
UI Deployment,coding,high,180,Wednesday,Morning
Release Deployment,coding,high,160,Thursday,Afternoon
Feature Deployment,coding,high,170,Friday,Morning
Data Deployment,coding,high,180,Saturday,Afternoon
API Maintenance,coding,medium,170,Sunday,Morning
User Maintenance,coding,medium,140,Monday,Afternoon
System Maintenance,coding,medium,180,Tuesday,Morning
Database Maintenance,coding,medium,160,Wednesday,Afternoon
UI Maintenance,coding,medium,170,Thursday,Morning
Release Maintenance,coding,medium,180,Friday,Evening
Feature Maintenance,coding,medium,160,Saturday,Morning
Data Maintenance,coding,medium,170,Sunday,Afternoon
API Optimization,coding,high,180,Monday,Morning
User Optimization,coding,medium,150,Tuesday,Afternoon
System Optimization,coding,high,160,Wednesday,Morning
Database Optimization,coding,high,170,Thursday,Evening
UI Optimization,coding,high,180,Friday,Morning
Release Optimization,coding,high,160,Saturday,Afternoon
Feature Optimization,coding,high,170,Sunday,Morning
Data Optimization,coding,high,180,Monday,Afternoon
API Documentation,writing,medium,170,Tuesday,Morning
User Documentation,writing,medium,140,Wednesday,Afternoon
System Documentation,writing,medium,180,Thursday,Morning
Database Documentation,writing,medium,160,Friday,Evening
UI Documentation,writing,medium,170,Saturday,Morning
Release Documentation,writing,medium,180,Sunday,Afternoon
Feature Documentation,writing,medium,160,Monday,Morning
Data Documentation,writing,medium,170,Tuesday,Afternoon
API Testing,testing,high,180,Wednesday,Morning
User Testing,testing,medium,150,Thursday,Afternoon
System Testing,testing,high,160,Friday,Morning
Database Testing,testing,high,170,Saturday,Evening
UI Testing,testing,high,180,Sunday,Morning
Release Testing,testing,high,160,Monday,Afternoon
Feature Testing,testing,high,170,Tuesday,Morning
Data Testing,testing,high,180,Wednesday,Afternoon
API Review,review,high,160,Thursday,Morning
User Review,review,medium,130,Friday,Afternoon
System Review,review,high,170,Saturday,Morning
Database Review,review,high,180,Sunday,Evening
UI Review,review,high,160,Monday,Morning
Release Review,review,high,170,Tuesday,Afternoon
Feature Review,review,high,180,Wednesday,Morning
Data Review,review,high,160,Thursday,Afternoon
API Planning,planning,high,170,Friday,Morning
User Planning,planning,medium,140,Saturday,Afternoon
System Planning,planning,high,180,Sunday,Morning
Database Planning,planning,high,160,Monday,Evening
UI Planning,planning,high,170,Tuesday,Morning
Release Planning,planning,high,180,Wednesday,Afternoon
Feature Planning,planning,high,160,Thursday,Morning
Data Planning,planning,high,170,Friday,Afternoon
API Development,coding,high,180,Saturday,Morning
User Development,coding,medium,150,Sunday,Afternoon
System Development,coding,high,160,Monday,Morning
Database Development,coding,high,170,Tuesday,Evening
UI Development,coding,high,180,Wednesday,Morning
Release Development,coding,high,160,Thursday,Afternoon
Feature Development,coding,high,170,Friday,Morning
Data Development,coding,high,180,Saturday,Afternoon
API Implementation,coding,high,160,Sunday,Morning
User Implementation,coding,medium,130,Monday,Afternoon
System Implementation,coding,high,170,Tuesday,Morning
Database Implementation,coding,high,180,Wednesday,Afternoon
UI Implementation,coding,high,160,Thursday,Morning
Release Implementation,coding,high,170,Friday,Evening
Feature Implementation,coding,high,180,Saturday,Morning
Data Implementation,coding,high,160,Sunday,Afternoon
API Integration,coding,high,170,Monday,Morning
User Integration,coding,medium,140,Tuesday,Afternoon
System Integration,coding,high,180,Wednesday,Morning
Database Integration,coding,high,160,Thursday,Evening
UI Integration,coding,high,170,Friday,Morning
Release Integration,coding,high,180,Saturday,Afternoon
Feature Integration,coding,high,160,Sunday,Morning
Data Integration,coding,high,170,Monday,Afternoon
API Deployment,coding,high,180,Tuesday,Morning
User Deployment,coding,medium,150,Wednesday,Afternoon
System Deployment,coding,high,160,Thursday,Morning
Database Deployment,coding,high,170,Friday,Evening
UI Deployment,coding,high,180,Saturday,Morning
Release Deployment,coding,high,160,Sunday,Afternoon
Feature Deployment,coding,high,170,Monday,Morning
Data Deployment,coding,high,180,Tuesday,Afternoon
API Maintenance,coding,medium,170,Wednesday,Morning
User Maintenance,coding,medium,140,Thursday,Afternoon
System Maintenance,coding,medium,180,Friday,Morning
Database Maintenance,coding,medium,160,Saturday,Evening
UI Maintenance,coding,medium,170,Sunday,Morning
Release Maintenance,coding,medium,180,Monday,Afternoon
Feature Maintenance,coding,medium,160,Tuesday,Morning
Data Maintenance,coding,medium,170,Wednesday,Afternoon
API Optimization,coding,high,180,Thursday,Morning
User Optimization,coding,medium,150,Friday,Afternoon
System Optimization,coding,high,160,Saturday,Morning
Database Optimization,coding,high,170,Sunday,Evening
UI Optimization,coding,high,180,Monday,Morning
Release Optimization,coding,high,160,Tuesday,Afternoon
Feature Optimization,coding,high,170,Wednesday,Morning
Data Optimization,coding,high,180,Thursday,Afternoon
API Documentation,writing,medium,170,Friday,Morning
User Documentation,writing,medium,140,Saturday,Afternoon
System Documentation,writing,medium,180,Sunday,Morning
Database Documentation,writing,medium,160,Monday,Evening
UI Documentation,writing,medium,170,Tuesday,Morning
Release Documentation,writing,medium,180,Wednesday,Afternoon
Feature Documentation,writing,medium,160,Thursday,Morning
Data Documentation,writing,medium,170,Friday,Afternoon
API Testing,testing,high,180,Saturday,Morning
User Testing,testing,medium,150,Sunday,Afternoon
System Testing,testing,high,160,Monday,Morning
Database Testing,testing,high,170,Tuesday,Evening
UI Testing,testing,high,180,Wednesday,Morning
Release Testing,testing,high,160,Thursday,Afternoon
Feature Testing,testing,high,170,Friday,Morning
Data Testing,testing,high,180,Saturday,Afternoon
API Review,review,high,160,Sunday,Morning
User Review,review,medium,130,Monday,Afternoon
System Review,review,high,170,Tuesday,Morning
Database Review,review,high,180,Wednesday,Afternoon
UI Review,review,high,160,Thursday,Morning
Release Review,review,high,170,Friday,Evening
Feature Review,review,high,180,Saturday,Morning
Data Review,review,high,160,Sunday,Afternoon
API Planning,planning,high,170,Monday,Morning
User Planning,planning,medium,140,Tuesday,Afternoon
System Planning,planning,high,180,Wednesday,Morning
Database Planning,planning,high,160,Thursday,Evening
UI Planning,planning,high,170,Friday,Morning
Release Planning,planning,high,180,Saturday,Afternoon
Feature Planning,planning,high,160,Sunday,Morning
Data Planning,planning,high,170,Monday,Afternoon
API Development,coding,high,180,Tuesday,Morning
User Development,coding,medium,150,Wednesday,Afternoon
System Development,coding,high,160,Thursday,Morning
Database Development,coding,high,170,Friday,Evening
UI Development,coding,high,180,Saturday,Morning
Release Development,coding,high,160,Sunday,Afternoon
Feature Development,coding,high,170,Monday,Morning
Data Development,coding,high,180,Tuesday,Afternoon
API Implementation,coding,high,160,Wednesday,Morning
User Implementation,coding,medium,130,Thursday,Afternoon
System Implementation,coding,high,170,Friday,Morning
Database Implementation,coding,high,180,Saturday,Evening
UI Implementation,coding,high,160,Sunday,Morning
Release Implementation,coding,high,170,Monday,Afternoon
Feature Implementation,coding,high,180,Tuesday,Morning
Data Implementation,coding,high,160,Wednesday,Afternoon
API Integration,coding,high,170,Thursday,Morning
User Integration,coding,medium,140,Friday,Afternoon
System Integration,coding,high,180,Saturday,Morning
Database Integration,coding,high,160,Sunday,Evening
UI Integration,coding,high,170,Monday,Morning
Release Integration,coding,high,180,Tuesday,Afternoon
Feature Integration,coding,high,160,Wednesday,Morning
Data Integration,coding,high,170,Thursday,Afternoon
API Deployment,coding,high,180,Friday,Morning
User Deployment,coding,medium,150,Saturday,Afternoon
System Deployment,coding,high,160,Sunday,Morning
Database Deployment,coding,high,170,Monday,Evening
UI Deployment,coding,high,180,Tuesday,Morning
Release Deployment,coding,high,160,Wednesday,Afternoon
Feature Deployment,coding,high,170,Thursday,Morning
Data Deployment,coding,high,180,Friday,Afternoon
API Maintenance,coding,medium,170,Saturday,Morning
User Maintenance,coding,medium,140,Sunday,Afternoon
System Maintenance,coding,medium,180,Monday,Morning
Database Maintenance,coding,medium,160,Tuesday,Afternoon
UI Maintenance,coding,medium,170,Wednesday,Morning
Release Maintenance,coding,medium,180,Thursday,Evening
Feature Maintenance,coding,medium,160,Friday,Morning
Data Maintenance,coding,medium,170,Saturday,Afternoon
API Optimization,coding,high,180,Sunday,Morning
User Optimization,coding,medium,150,Monday,Afternoon
System Optimization,coding,high,160,Tuesday,Morning
Database Optimization,coding,high,170,Wednesday,Evening
UI Optimization,coding,high,180,Thursday,Morning
Release Optimization,coding,high,160,Friday,Afternoon
Feature Optimization,coding,high,170,Saturday,Morning
Data Optimization,coding,high,180,Sunday,Afternoon
API Documentation,writing,medium,170,Monday,Morning
User Documentation,writing,medium,140,Tuesday,Afternoon
System Documentation,writing,medium,180,Wednesday,Morning
Database Documentation,writing,medium,160,Thursday,Evening
UI Documentation,writing,medium,170,Friday,Morning
Release Documentation,writing,medium,180,Saturday,Afternoon
Feature Documentation,writing,medium,160,Sunday,Morning
Data Documentation,writing,medium,170,Monday,Afternoon
API Testing,testing,high,180,Tuesday,Morning
User Testing,testing,medium,150,Wednesday,Afternoon
System Testing,testing,high,160,Thursday,Morning
Database Testing,testing,high,170,Friday,Evening
UI Testing,testing,high,180,Saturday,Morning
Release Testing,testing,high,160,Sunday,Afternoon
Feature Testing,testing,high,170,Monday,Morning
Data Testing,testing,high,180,Tuesday,Afternoon
API Review,review,high,160,Wednesday,Morning
User Review,review,medium,130,Thursday,Afternoon
System Review,review,high,170,Friday,Morning
Database Review,review,high,180,Saturday,Evening
UI Review,review,high,160,Sunday,Morning
Release Review,review,high,170,Monday,Afternoon
Feature Review,review,high,180,Tuesday,Morning
Data Review,review,high,160,Wednesday,Afternoon
API Planning,planning,high,170,Thursday,Morning
User Planning,planning,medium,140,Friday,Afternoon
System Planning,planning,high,180,Saturday,Morning
Database Planning,planning,high,160,Sunday,Evening
UI Planning,planning,high,170,Monday,Morning
Release Planning,planning,high,180,Tuesday,Afternoon
Feature Planning,planning,high,160,Wednesday,Morning
Data Planning,planning,high,170,Thursday,Afternoon
API Development,coding,high,180,Friday,Morning
User Development,coding,medium,150,Saturday,Afternoon
System Development,coding,high,160,Sunday,Morning
Database Development,coding,high,170,Monday,Evening
UI Development,coding,high,180,Tuesday,Morning
Release Development,coding,high,160,Wednesday,Afternoon
Feature Development,coding,high,170,Thursday,Morning
Data Development,coding,high,180,Friday,Afternoon
API Implementation,coding,high,160,Saturday,Morning
User Implementation,coding,medium,130,Sunday,Afternoon
System Implementation,coding,high,170,Monday,Morning
Database Implementation,coding,high,180,Tuesday,Afternoon
UI Implementation,coding,high,160,Wednesday,Morning
Release Implementation,coding,high,170,Thursday,Evening
Feature Implementation,coding,high,180,Friday,Morning
Data Implementation,coding,high,160,Saturday,Afternoon
API Integration,coding,high,170,Sunday,Morning
User Integration,coding,medium,140,Monday,Afternoon
System Integration,coding,high,180,Tuesday,Morning
Database Integration,coding,high,160,Wednesday,Evening
UI Integration,coding,high,170,Thursday,Morning
Release Integration,coding,high,180,Friday,Afternoon
Feature Integration,coding,high,160,Saturday,Morning
Data Integration,coding,high,170,Sunday,Afternoon
API Deployment,coding,high,180,Monday,Morning
User Deployment,coding,medium,150,Tuesday,Afternoon
System Deployment,coding,high,160,Wednesday,Morning
Database Deployment,coding,high,170,Thursday,Evening
UI Deployment,coding,high,180,Friday,Morning
Release Deployment,coding,high,160,Saturday,Afternoon
Feature Deployment,coding,high,170,Sunday,Morning
Data Deployment,coding,high,180,Monday,Afternoon
API Maintenance,coding,medium,170,Tuesday,Morning
User Maintenance,coding,medium,140,Wednesday,Afternoon
System Maintenance,coding,medium,180,Thursday,Morning
Database Maintenance,coding,medium,160,Friday,Evening
UI Maintenance,coding,medium,170,Saturday,Morning
Release Maintenance,coding,medium,180,Sunday,Afternoon
Feature Maintenance,coding,medium,160,Monday,Morning
Data Maintenance,coding,medium,170,Tuesday,Afternoon
API Optimization,coding,high,180,Wednesday,Morning
User Optimization,coding,medium,150,Thursday,Afternoon
System Optimization,coding,high,160,Friday,Morning
Database Optimization,coding,high,170,Saturday,Evening
UI Optimization,coding,high,180,Sunday,Morning
Release Optimization,coding,high,160,Monday,Afternoon
Feature Optimization,coding,high,170,Tuesday,Morning
Data Optimization,coding,high,180,Wednesday,Afternoon
API Documentation,writing,medium,170,Thursday,Morning
User Documentation,writing,medium,140,Friday,Afternoon
System Documentation,writing,medium,180,Saturday,Morning
Database Documentation,writing,medium,160,Sunday,Evening
UI Documentation,writing,medium,170,Monday,Morning
Release Documentation,writing,medium,180,Tuesday,Afternoon
Feature Documentation,writing,medium,160,Wednesday,Morning
Data Documentation,writing,medium,170,Thursday,Afternoon
API Testing,testing,high,180,Friday,Morning
User Testing,testing,medium,150,Saturday,Afternoon
System Testing,testing,high,160,Sunday,Morning
Database Testing,testing,high,170,Monday,Evening
UI Testing,testing,high,180,Tuesday,Morning
Release Testing,testing,high,160,Wednesday,Afternoon
Feature Testing,testing,high,170,Thursday,Morning
Data Testing,testing,high,180,Friday,Afternoon
API Review,review,high,160,Saturday,Morning
User Review,review,medium,130,Sunday,Afternoon
System Review,review,high,170,Monday,Morning
Database Review,review,high,180,Tuesday,Afternoon
UI Review,review,high,160,Wednesday,Morning
Release Review,review,high,170,Thursday,Evening
Feature Review,review,high,180,Friday,Morning
Data Review,review,high,160,Saturday,Afternoon
API Planning,planning,high,170,Sunday,Morning
User Planning,planning,medium,140,Monday,Afternoon
System Planning,planning,high,180,Tuesday,Morning
Database Planning,planning,high,160,Wednesday,Evening
UI Planning,planning,high,170,Thursday,Morning
Release Planning,planning,high,180,Friday,Afternoon
Feature Planning,planning,high,160,Saturday,Morning
Data Planning,planning,high,170,Sunday,Afternoon
API Development,coding,high,180,Monday,Morning
User Development,coding,medium,150,Tuesday,Afternoon
System Development,coding,high,160,Wednesday,Morning
Database Development,coding,high,170,Thursday,Evening
UI Development,coding,high,180,Friday,Morning
Release Development,coding,high,160,Saturday,Afternoon
Feature Development,coding,high,170,Sunday,Morning
Data Development,coding,high,180,Monday,Afternoon
API Implementation,coding,high,160,Tuesday,Morning
User Implementation,coding,medium,130,Wednesday,Afternoon
System Implementation,coding,high,170,Thursday,Morning
Database Implementation,coding,high,180,Friday,Afternoon
UI Implementation,coding,high,160,Saturday,Morning
Release Implementation,coding,high,170,Sunday,Evening
Feature Implementation,coding,high,180,Monday,Morning
Data Implementation,coding,high,160,Tuesday,Afternoon
API Integration,coding,high,170,Wednesday,Morning
User Integration,coding,medium,140,Thursday,Afternoon
System Integration,coding,high,180,Friday,Morning
Database Integration,coding,high,160,Saturday,Evening
UI Integration,coding,high,170,Sunday,Morning
Release Integration,coding,high,180,Monday,Afternoon
Feature Integration,coding,high,160,Tuesday,Morning
Data Integration,coding,high,170,Wednesday,Afternoon
API Deployment,coding,high,180,Thursday,Morning
User Deployment,coding,medium,150,Friday,Afternoon
System Deployment,coding,high,160,Saturday,Morning
Database Deployment,coding,high,170,Sunday,Evening
UI Deployment,coding,high,180,Monday,Morning
Release Deployment,coding,high,160,Tuesday,Afternoon
Feature Deployment,coding,high,170,Wednesday,Morning
Data Deployment,coding,high,180,Thursday,Afternoon
API Maintenance,coding,medium,170,Friday,Morning
User Maintenance,coding,medium,140,Saturday,Afternoon
System Maintenance,coding,medium,180,Sunday,Morning
Database Maintenance,coding,medium,160,Monday,Evening
UI Maintenance,coding,medium,170,Tuesday,Morning
Release Maintenance,coding,medium,180,Wednesday,Afternoon
Feature Maintenance,coding,medium,160,Thursday,Morning
Data Maintenance,coding,medium,170,Friday,Afternoon
API Optimization,coding,high,180,Saturday,Morning
User Optimization,coding,medium,150,Sunday,Afternoon
System Optimization,coding,high,160,Monday,Morning
Database Optimization,coding,high,170,Tuesday,Evening
UI Optimization,coding,high,180,Wednesday,Morning
Release Optimization,coding,high,160,Thursday,Afternoon
Feature Optimization,coding,high,170,Friday,Morning
Data Optimization,coding,high,180,Saturday,Afternoon
API Documentation,writing,medium,170,Sunday,Morning
User Documentation,writing,medium,140,Monday,Afternoon
System Documentation,writing,medium,180,Tuesday,Morning
Database Documentation,writing,medium,160,Wednesday,Evening
UI Documentation,writing,medium,170,Thursday,Morning
Release Documentation,writing,medium,180,Friday,Afternoon
Feature Documentation,writing,medium,160,Saturday,Morning
Data Documentation,writing,medium,170,Sunday,Afternoon
API Testing,testing,high,180,Monday,Morning
User Testing,testing,medium,150,Tuesday,Afternoon
System Testing,testing,high,160,Wednesday,Morning
Database Testing,testing,high,170,Thursday,Evening
UI Testing,testing,high,180,Friday,Morning
Release Testing,testing,high,160,Saturday,Afternoon
Feature Testing,testing,high,170,Sunday,Morning
Data Testing,testing,high,180,Monday,Afternoon
API Review,review,high,160,Tuesday,Morning
User Review,review,medium,130,Wednesday,Afternoon
System Review,review,high,170,Thursday,Morning
Database Review,review,high,180,Friday,Afternoon
UI Review,review,high,160,Saturday,Morning
Release Review,review,high,170,Sunday,Evening
Feature Review,review,high,180,Monday,Morning
Data Review,review,high,160,Tuesday,Afternoon
API Planning,planning,high,170,Wednesday,Morning
User Planning,planning,medium,140,Thursday,Afternoon
System Planning,planning,high,180,Friday,Morning
Database Planning,planning,high,160,Saturday,Evening
UI Planning,planning,high,170,Sunday,Morning
Release Planning,planning,high,180,Monday,Afternoon
Feature Planning,planning,high,160,Tuesday,Morning
Data Planning,planning,high,170,Wednesday,Afternoon
API Development,coding,high,180,Thursday,Morning
User Development,coding,medium,150,Friday,Afternoon
System Development,coding,high,160,Saturday,Morning
Database Development,coding,high,170,Sunday,Evening
UI Development,coding,high,180,Monday,Morning
Release Development,coding,high,160,Tuesday,Afternoon
Feature Development,coding,high,170,Wednesday,Morning
Data Development,coding,high,180,Thursday,Afternoon
API Implementation,coding,high,160,Friday,Morning
User Implementation,coding,medium,130,Saturday,Afternoon
System Implementation,coding,high,170,Sunday,Morning
Database Implementation,coding,high,180,Monday,Afternoon
UI Implementation,coding,high,160,Tuesday,Morning
Release Implementation,coding,high,170,Wednesday,Evening
Feature Implementation,coding,high,180,Thursday,Morning
Data Implementation,coding,high,160,Friday,Afternoon
API Integration,coding,high,170,Saturday,Morning
User Integration,coding,medium,140,Sunday,Afternoon
System Integration,coding,high,180,Monday,Morning
Database Integration,coding,high,160,Tuesday,Evening
UI Integration,coding,high,170,Wednesday,Morning
Release Integration,coding,high,180,Thursday,Afternoon
Feature Integration,coding,high,160,Friday,Morning
Data Integration,coding,high,170,Saturday,Afternoon
API Deployment,coding,high,180,Sunday,Morning
User Deployment,coding,medium,150,Monday,Afternoon
System Deployment,coding,high,160,Tuesday,Morning
Database Deployment,coding,high,170,Wednesday,Evening
UI Deployment,coding,high,180,Thursday,Morning
Release Deployment,coding,high,160,Friday,Afternoon
Feature Deployment,coding,high,170,Saturday,Morning
Data Deployment,coding,high,180,Sunday,Afternoon
API Maintenance,coding,medium,170,Monday,Morning
User Maintenance,coding,medium,140,Tuesday,Afternoon
System Maintenance,coding,medium,180,Wednesday,Morning
Database Maintenance,coding,medium,160,Thursday,Evening
UI Maintenance,coding,medium,170,Friday,Morning
Release Maintenance,coding,medium,180,Saturday,Afternoon
Feature Maintenance,coding,medium,160,Sunday,Morning
Data Maintenance,coding,medium,170,Monday,Afternoon
API Optimization,coding,high,180,Tuesday,Morning
User Optimization,coding,medium,150,Wednesday,Afternoon
System Optimization,coding,high,160,Thursday,Morning
Database Optimization,coding,high,170,Friday,Evening
UI Optimization,coding,high,180,Saturday,Morning
Release Optimization,coding,high,160,Sunday,Afternoon
Feature Optimization,coding,high,170,Monday,Morning
Data Optimization,coding,high,180,Tuesday,Afternoon
API Documentation,writing,medium,170,Wednesday,Morning
User Documentation,writing,medium,140,Thursday,Afternoon
System Documentation,writing,medium,180,Friday,Morning
Database Documentation,writing,medium,160,Saturday,Evening
UI Documentation,writing,medium,170,Sunday,Morning
Release Documentation,writing,medium,180,Monday,Afternoon
Feature Documentation,writing,medium,160,Tuesday,Morning
Data Documentation,writing,medium,170,Wednesday,Afternoon
API Testing,testing,high,180,Thursday,Morning
User Testing,testing,medium,150,Friday,Afternoon
System Testing,testing,high,160,Saturday,Morning
Database Testing,testing,high,170,Sunday,Evening
UI Testing,testing,high,180,Monday,Morning
Release Testing,testing,high,160,Tuesday,Afternoon
Feature Testing,testing,high,170,Wednesday,Morning
Data Testing,testing,high,180,Thursday,Afternoon
API Review,review,high,160,Friday,Morning
User Review,review,medium,130,Saturday,Afternoon
System Review,review,high,170,Sunday,Morning
Database Review,review,high,180,Monday,Afternoon
UI Review,review,high,160,Tuesday,Morning
Release Review,review,high,170,Wednesday,Evening
Feature Review,review,high,180,Thursday,Morning
Data Review,review,high,160,Friday,Afternoon
API Planning,planning,high,170,Saturday,Morning
User Planning,planning,medium,140,Sunday,Afternoon
System Planning,planning,high,180,Monday,Morning
Database Planning,planning,high,160,Tuesday,Evening
UI Planning,planning,high,170,Wednesday,Morning
Release Planning,planning,high,180,Thursday,Afternoon
Feature Planning,planning,high,160,Friday,Morning
Data Planning,planning,high,170,Saturday,Afternoon
API Development,coding,high,180,Sunday,Morning
User Development,coding,medium,150,Monday,Afternoon
System Development,coding,high,160,Tuesday,Morning
Database Development,coding,high,170,Wednesday,Evening
UI Development,coding,high,180,Thursday,Morning
Release Development,coding,high,160,Friday,Afternoon
Feature Development,coding,high,170,Saturday,Morning
Data Development,coding,high,180,Sunday,Afternoon
API Implementation,coding,high,160,Monday,Morning
User Implementation,coding,medium,130,Tuesday,Afternoon
System Implementation,coding,high,170,Wednesday,Morning
Database Implementation,coding,high,180,Thursday,Afternoon
UI Implementation,coding,high,160,Friday,Morning
Release Implementation,coding,high,170,Saturday,Evening
Feature Implementation,coding,high,180,Sunday,Morning
Data Implementation,coding,high,160,Monday,Afternoon
API Integration,coding,high,170,Tuesday,Morning
User Integration,coding,medium,140,Wednesday,Afternoon
System Integration,coding,high,180,Thursday,Morning
Database Integration,coding,high,160,Friday,Evening
UI Integration,coding,high,170,Saturday,Morning
Release Integration,coding,high,180,Sunday,Afternoon
Feature Integration,coding,high,160,Monday,Morning
Data Integration,coding,high,170,Tuesday,Afternoon
API Deployment,coding,high,180,Wednesday,Morning
User Deployment,coding,medium,150,Thursday,Afternoon
System Deployment,coding,high,160,Friday,Morning
Database Deployment,coding,high,170,Saturday,Evening
UI Deployment,coding,high,180,Sunday,Morning
Release Deployment,coding,high,160,Monday,Afternoon
Feature Deployment,coding,high,170,Tuesday,Morning
Data Deployment,coding,high,180,Wednesday,Afternoon
API Maintenance,coding,medium,170,Thursday,Morning
User Maintenance,coding,medium,140,Friday,Afternoon
System Maintenance,coding,medium,180,Saturday,Morning
Database Maintenance,coding,medium,160,Sunday,Evening
UI Maintenance,coding,medium,170,Monday,Morning
Release Maintenance,coding,medium,180,Tuesday,Afternoon
Feature Maintenance,coding,medium,160,Wednesday,Morning
Data Maintenance,coding,medium,170,Thursday,Afternoon
API Optimization,coding,high,180,Friday,Morning
User Optimization,coding,medium,150,Saturday,Afternoon
System Optimization,coding,high,160,Sunday,Morning
Database Optimization,coding,high,170,Monday,Evening
UI Optimization,coding,high,180,Tuesday,Morning
Release Optimization,coding,high,160,Wednesday,Afternoon
Feature Optimization,coding,high,170,Thursday,Morning
Data Optimization,coding,high,180,Friday,Afternoon
API Documentation,writing,medium,170,Saturday,Morning
User Documentation,writing,medium,140,Sunday,Afternoon
System Documentation,writing,medium,180,Monday,Morning
Database Documentation,writing,medium,160,Tuesday,Evening
UI Documentation,writing,medium,170,Wednesday,Morning
Release Documentation,writing,medium,180,Thursday,Afternoon
Feature Documentation,writing,medium,160,Friday,Morning
Data Documentation,writing,medium,170,Saturday,Afternoon
API Testing,testing,high,180,Sunday,Morning
User Testing,testing,medium,150,Monday,Afternoon
System Testing,testing,high,160,Tuesday,Morning
Database Testing,testing,high,170,Wednesday,Evening
UI Testing,testing,high,180,Thursday,Morning
Release Testing,testing,high,160,Friday,Afternoon
Feature Testing,testing,high,170,Saturday,Morning
Data Testing,testing,high,180,Sunday,Afternoon
API Review,review,high,160,Monday,Morning
User Review,review,medium,130,Tuesday,Afternoon
System Review,review,high,170,Wednesday,Morning
Database Review,review,high,180,Thursday,Afternoon
UI Review,review,high,160,Friday,Morning
Release Review,review,high,170,Saturday,Evening
Feature Review,review,high,180,Sunday,Morning
Data Review,review,high,160,Monday,Afternoon
API Planning,planning,high,170,Tuesday,Morning
User Planning,planning,medium,140,Wednesday,Afternoon
System Planning,planning,high,180,Thursday,Morning
Database Planning,planning,high,160,Friday,Evening
UI Planning,planning,high,170,Saturday,Morning
Release Planning,planning,high,180,Sunday,Afternoon
Feature Planning,planning,high,160,Monday,Morning
Data Planning,planning,high,170,Tuesday,Afternoon
API Development,coding,high,180,Wednesday,Morning
User Development,coding,medium,150,Thursday,Afternoon
System Development,coding,high,160,Friday,Morning
Database Development,coding,high,170,Saturday,Evening
UI Development,coding,high,180,Sunday,Morning
Release Development,coding,high,160,Monday,Afternoon
Feature Development,coding,high,170,Tuesday,Morning
Data Development,coding,high,180,Wednesday,Afternoon
API Implementation,coding,high,160,Thursday,Morning
User Implementation,coding,medium,130,Friday,Afternoon
System Implementation,coding,high,170,Saturday,Morning
Database Implementation,coding,high,180,Sunday,Afternoon
UI Implementation,coding,high,160,Monday,Morning
Release Implementation,coding,high,170,Tuesday,Evening
Feature Implementation,coding,high,180,Wednesday,Morning
Data Implementation,coding,high,160,Thursday,Afternoon
API Integration,coding,high,170,Friday,Morning
User Integration,coding,medium,140,Saturday,Afternoon
System Integration,coding,high,180,Sunday,Morning
Database Integration,coding,high,160,Monday,Evening
UI Integration,coding,high,170,Tuesday,Morning
Release Integration,coding,high,180,Wednesday,Afternoon
Feature Integration,coding,high,160,Thursday,Morning
Data Integration,coding,high,170,Friday,Afternoon
API Deployment,coding,high,180,Saturday,Morning
User Deployment,coding,medium,150,Sunday,Afternoon
System Deployment,coding,high,160,Monday,Morning
Database Deployment,coding,high,170,Tuesday,Evening
UI Deployment,coding,high,180,Wednesday,Morning
Release Deployment,coding,high,160,Thursday,Afternoon
Feature Deployment,coding,high,170,Friday,Morning
Data Deployment,coding,high,180,Saturday,Afternoon
API Maintenance,coding,medium,170,Sunday,Morning
User Maintenance,coding,medium,140,Monday,Afternoon
System Maintenance,coding,medium,180,Tuesday,Morning
Database Maintenance,coding,medium,160,Wednesday,Evening
UI Maintenance,coding,medium,170,Thursday,Morning
Release Maintenance,coding,medium,180,Friday,Afternoon
Feature Maintenance,coding,medium,160,Saturday,Morning
Data Maintenance,coding,medium,170,Sunday,Afternoon
API Optimization,coding,high,180,Monday,Morning
User Optimization,coding,medium,150,Tuesday,Afternoon
System Optimization,coding,high,160,Wednesday,Morning
Database Optimization,coding,high,170,Thursday,Evening
UI Optimization,coding,high,180,Friday,Morning
Release Optimization,coding,high,160,Saturday,Afternoon
Feature Optimization,coding,high,170,Sunday,Morning
Data Optimization,coding,high,180,Monday,Afternoon
API Documentation,writing,medium,170,Tuesday,Morning
User Documentation,writing,medium,140,Wednesday,Afternoon
System Documentation,writing,medium,180,Thursday,Morning
Database Documentation,writing,medium,160,Friday,Evening
UI Documentation,writing,medium,170,Saturday,Morning
Release Documentation,writing,medium,180,Sunday,Afternoon
Feature Documentation,writing,medium,160,Monday,Morning
Data Documentation,writing,medium,170,Tuesday,Afternoon
API Testing,testing,high,180,Wednesday,Morning
User Testing,testing,medium,150,Thursday,Afternoon
System Testing,testing,high,160,Friday,Morning
Database Testing,testing,high,170,Saturday,Evening
UI Testing,testing,high,180,Sunday,Morning
Release Testing,testing,high,160,Monday,Afternoon
Feature Testing,testing,high,170,Tuesday,Morning
Data Testing,testing,high,180,Wednesday,Afternoon
API Review,review,high,160,Thursday,Morning
User Review,review,medium,130,Friday,Afternoon
System Review,review,high,170,Saturday,Morning
Database Review,review,high,180,Sunday,Afternoon
UI Review,review,high,160,Monday,Morning
Release Review,review,high,170,Tuesday,Evening
Feature Review,review,high,180,Wednesday,Morning
Data Review,review,high,160,Thursday,Afternoon
API Planning,planning,high,170,Friday,Morning
User Planning,planning,medium,140,Saturday,Afternoon
System Planning,planning,high,180,Sunday,Morning
Database Planning,planning,high,160,Monday,Evening
UI Planning,planning,high,170,Tuesday,Morning
Release Planning,planning,high,180,Wednesday,Afternoon
Feature Planning,planning,high,160,Thursday,Morning
Data Planning,planning,high,170,Friday,Afternoon
API Development,coding,high,180,Saturday,Morning
User Development,coding,medium,150,Sunday,Afternoon
System Development,coding,high,160,Monday,Morning
Database Development,coding,high,170,Tuesday,Evening
UI Development,coding,high,180,Wednesday,Morning
Release Development,coding,high,160,Thursday,Afternoon
Feature Development,coding,high,170,Friday,Morning
Data Development,coding,high,180,Saturday,Afternoon
API Implementation,coding,high,160,Sunday,Morning
User Implementation,coding,medium,130,Monday,Afternoon
System Implementation,coding,high,170,Tuesday,Morning
Database Implementation,coding,high,180,Wednesday,Afternoon
UI Implementation,coding,high,160,Thursday,Morning
Release Implementation,coding,high,170,Friday,Evening
Feature Implementation,coding,high,180,Saturday,Morning
Data Implementation,coding,high,160,Sunday,Afternoon
API Integration,coding,high,170,Monday,Morning
User Integration,coding,medium,140,Tuesday,Afternoon
System Integration,coding,high,180,Wednesday,Morning
Database Integration,coding,high,160,Thursday,Evening
UI Integration,coding,high,170,Friday,Morning
Release Integration,coding,high,180,Saturday,Afternoon
Feature Integration,coding,high,160,Sunday,Morning
Data Integration,coding,high,170,Monday,Afternoon
API Deployment,coding,high,180,Tuesday,Morning
User Deployment,coding,medium,150,Wednesday,Afternoon
System Deployment,coding,high,160,Thursday,Morning
Database Deployment,coding,high,170,Friday,Evening
UI Deployment,coding,high,180,Saturday,Morning
Release Deployment,coding,high,160,Sunday,Afternoon
Feature Deployment,coding,high,170,Monday,Morning
Data Deployment,coding,high,180,Tuesday,Afternoon
API Maintenance,coding,medium,170,Wednesday,Morning
User Maintenance,coding,medium,140,Thursday,Afternoon
System Maintenance,coding,medium,180,Friday,Morning
Database Maintenance,coding,medium,160,Saturday,Evening
UI Maintenance,coding,medium,170,Sunday,Morning
Release Maintenance,coding,medium,180,Monday,Afternoon
Feature Maintenance,coding,medium,160,Tuesday,Morning
Data Maintenance,coding,medium,170,Wednesday,Afternoon
API Optimization,coding,high,180,Thursday,Morning
User Optimization,coding,medium,150,Friday,Afternoon
System Optimization,coding,high,160,Saturday,Morning
Database Optimization,coding,high,170,Sunday,Evening
UI Optimization,coding,high,180,Monday,Morning
Release Optimization,coding,high,160,Tuesday,Afternoon
Feature Optimization,coding,high,170,Wednesday,Morning
Data Optimization,coding,high,180,Thursday,Afternoon
API Documentation,writing,medium,170,Friday,Morning
User Documentation,writing,medium,140,Saturday,Afternoon
System Documentation,writing,medium,180,Sunday,Morning
Database Documentation,writing,medium,160,Monday,Evening
UI Documentation,writing,medium,170,Tuesday,Morning
Release Documentation,writing,medium,180,Wednesday,Afternoon
Feature Documentation,writing,medium,160,Thursday,Morning
Data Documentation,writing,medium,170,Friday,Afternoon
API Testing,testing,high,180,Saturday,Morning
User Testing,testing,medium,150,Sunday,Afternoon
System Testing,testing,high,160,Monday,Morning
Database Testing,testing,high,170,Tuesday,Evening
UI Testing,testing,high,180,Wednesday,Morning
Release Testing,testing,high,160,Thursday,Afternoon
Feature Testing,testing,high,170,Friday,Morning
Data Testing,testing,high,180,Saturday,Afternoon
API Review,review,high,160,Sunday,Morning
User Review,review,medium,130,Monday,Afternoon
System Review,review,high,170,Tuesday,Morning
Database Review,review,high,180,Wednesday,Afternoon
UI Review,review,high,160,Thursday,Morning
Release Review,review,high,170,Friday,Evening
Feature Review,review,high,180,Saturday,Morning
Data Review,review,high,160,Sunday,Afternoon
